{"__meta":{"schema_version":3,"schema_name":"GLMModelV3","schema_type":"GLMModel"},"model_id":{"__meta":{"schema_version":3,"schema_name":"ModelKeyV3","schema_type":"Key<Model>"},"name":"metalearner_AUTO_StackedEnsemble_BestOfFamily_AutoML_20190301_191249","type":"Key<Model>","URL":"/3/Models/metalearner_AUTO_StackedEnsemble_BestOfFamily_AutoML_20190301_191249"},"algo":"glm","algo_full_name":"Generalized Linear Modeling","response_column_name":"OutcomeType","data_frame":{"__meta":{"schema_version":3,"schema_name":"FrameKeyV3","schema_type":"Key<Frame>"},"name":"levelone_training_StackedEnsemble_BestOfFamily_AutoML_20190301_191249","type":"Key<Frame>","URL":"/3/Frames/levelone_training_StackedEnsemble_BestOfFamily_AutoML_20190301_191249"},"timestamp":1551485962553,"have_pojo":true,"have_mojo":true,"algo":"glm","algo_full_name":"Generalized Linear Modeling","model_id":{"__meta":{"schema_version":3,"schema_name":"ModelKeyV3","schema_type":"Key<Model>"},"name":"metalearner_AUTO_StackedEnsemble_BestOfFamily_AutoML_20190301_191249","type":"Key<Model>","URL":"/3/Models/metalearner_AUTO_StackedEnsemble_BestOfFamily_AutoML_20190301_191249"},"parameters":[{"__meta":{"schema_version":3,"schema_name":"ModelParameterSchemaV3","schema_type":"Iced"},"name":"model_id","label":"model_id","help":"Destination id for this model; auto-generated if not specified.","required":false,"type":"Key<Model>","default_value":null,"actual_value":{"__meta":{"schema_version":3,"schema_name":"ModelKeyV3","schema_type":"Key<Model>"},"name":"metalearner_AUTO_StackedEnsemble_BestOfFamily_AutoML_20190301_191249","type":"Key<Model>","URL":"/3/Models/metalearner_AUTO_StackedEnsemble_BestOfFamily_AutoML_20190301_191249"},"level":"critical","values":[],"is_member_of_frames":[],"is_mutually_exclusive_with":[],"gridable":false},{"__meta":{"schema_version":3,"schema_name":"ModelParameterSchemaV3","schema_type":"Iced"},"name":"training_frame","label":"training_frame","help":"Id of the training data frame.","required":false,"type":"Key<Frame>","default_value":null,"actual_value":{"__meta":{"schema_version":3,"schema_name":"FrameKeyV3","schema_type":"Key<Frame>"},"name":"levelone_training_StackedEnsemble_BestOfFamily_AutoML_20190301_191249","type":"Key<Frame>","URL":"/3/Frames/levelone_training_StackedEnsemble_BestOfFamily_AutoML_20190301_191249"},"level":"critical","values":[],"is_member_of_frames":[],"is_mutually_exclusive_with":[],"gridable":false},{"__meta":{"schema_version":3,"schema_name":"ModelParameterSchemaV3","schema_type":"Iced"},"name":"validation_frame","label":"validation_frame","help":"Id of the validation data frame.","required":false,"type":"Key<Frame>","default_value":null,"actual_value":null,"level":"critical","values":[],"is_member_of_frames":[],"is_mutually_exclusive_with":[],"gridable":true},{"__meta":{"schema_version":3,"schema_name":"ModelParameterSchemaV3","schema_type":"Iced"},"name":"nfolds","label":"nfolds","help":"Number of folds for K-fold cross-validation (0 to disable or >= 2).","required":false,"type":"int","default_value":0,"actual_value":5,"level":"critical","values":[],"is_member_of_frames":[],"is_mutually_exclusive_with":[],"gridable":false},{"__meta":{"schema_version":3,"schema_name":"ModelParameterSchemaV3","schema_type":"Iced"},"name":"seed","label":"seed","help":"Seed for pseudo random number generator (if applicable)","required":false,"type":"long","default_value":-1,"actual_value":0,"level":"critical","values":[],"is_member_of_frames":[],"is_mutually_exclusive_with":[],"gridable":true},{"__meta":{"schema_version":3,"schema_name":"ModelParameterSchemaV3","schema_type":"Iced"},"name":"keep_cross_validation_models","label":"keep_cross_validation_models","help":"Whether to keep the cross-validation models.","required":false,"type":"boolean","default_value":true,"actual_value":false,"level":"expert","values":[],"is_member_of_frames":[],"is_mutually_exclusive_with":[],"gridable":false},{"__meta":{"schema_version":3,"schema_name":"ModelParameterSchemaV3","schema_type":"Iced"},"name":"keep_cross_validation_predictions","label":"keep_cross_validation_predictions","help":"Whether to keep the predictions of the cross-validation models.","required":false,"type":"boolean","default_value":false,"actual_value":false,"level":"expert","values":[],"is_member_of_frames":[],"is_mutually_exclusive_with":[],"gridable":false},{"__meta":{"schema_version":3,"schema_name":"ModelParameterSchemaV3","schema_type":"Iced"},"name":"keep_cross_validation_fold_assignment","label":"keep_cross_validation_fold_assignment","help":"Whether to keep the cross-validation fold assignment.","required":false,"type":"boolean","default_value":false,"actual_value":false,"level":"expert","values":[],"is_member_of_frames":[],"is_mutually_exclusive_with":[],"gridable":false},{"__meta":{"schema_version":3,"schema_name":"ModelParameterSchemaV3","schema_type":"Iced"},"name":"fold_assignment","label":"fold_assignment","help":"Cross-validation fold assignment scheme, if fold_column is not specified. The 'Stratified' option will stratify the folds based on the response variable, for classification problems.","required":false,"type":"enum","default_value":"AUTO","actual_value":"AUTO","level":"secondary","values":["AUTO","Random","Modulo","Stratified"],"is_member_of_frames":[],"is_mutually_exclusive_with":[],"gridable":true},{"__meta":{"schema_version":3,"schema_name":"ModelParameterSchemaV3","schema_type":"Iced"},"name":"fold_column","label":"fold_column","help":"Column with cross-validation fold index assignment per observation.","required":false,"type":"VecSpecifier","default_value":null,"actual_value":null,"level":"secondary","values":[],"is_member_of_frames":["training_frame"],"is_mutually_exclusive_with":["response_column","weights_column","ignored_columns","offset_column"],"gridable":true},{"__meta":{"schema_version":3,"schema_name":"ModelParameterSchemaV3","schema_type":"Iced"},"name":"response_column","label":"response_column","help":"Response variable column.","required":false,"type":"VecSpecifier","default_value":null,"actual_value":{"__meta":{"schema_version":3,"schema_name":"ColSpecifierV3","schema_type":"VecSpecifier"},"column_name":"OutcomeType","is_member_of_frames":null},"level":"critical","values":[],"is_member_of_frames":["training_frame","validation_frame"],"is_mutually_exclusive_with":["weights_column","ignored_columns","offset_column","fold_column"],"gridable":true},{"__meta":{"schema_version":3,"schema_name":"ModelParameterSchemaV3","schema_type":"Iced"},"name":"ignored_columns","label":"ignored_columns","help":"Names of columns to ignore for training.","required":false,"type":"string[]","default_value":null,"actual_value":null,"level":"critical","values":[],"is_member_of_frames":["training_frame","validation_frame"],"is_mutually_exclusive_with":["response_column","weights_column","offset_column","fold_column"],"gridable":false},{"__meta":{"schema_version":3,"schema_name":"ModelParameterSchemaV3","schema_type":"Iced"},"name":"ignore_const_cols","label":"ignore_const_cols","help":"Ignore constant columns.","required":false,"type":"boolean","default_value":true,"actual_value":true,"level":"critical","values":[],"is_member_of_frames":[],"is_mutually_exclusive_with":[],"gridable":false},{"__meta":{"schema_version":3,"schema_name":"ModelParameterSchemaV3","schema_type":"Iced"},"name":"score_each_iteration","label":"score_each_iteration","help":"Whether to score during each iteration of model training.","required":false,"type":"boolean","default_value":false,"actual_value":false,"level":"secondary","values":[],"is_member_of_frames":[],"is_mutually_exclusive_with":[],"gridable":false},{"__meta":{"schema_version":3,"schema_name":"ModelParameterSchemaV3","schema_type":"Iced"},"name":"offset_column","label":"offset_column","help":"Offset column. This will be added to the combination of columns before applying the link function.","required":false,"type":"VecSpecifier","default_value":null,"actual_value":null,"level":"secondary","values":[],"is_member_of_frames":["training_frame","validation_frame"],"is_mutually_exclusive_with":["response_column","weights_column","ignored_columns","fold_column"],"gridable":true},{"__meta":{"schema_version":3,"schema_name":"ModelParameterSchemaV3","schema_type":"Iced"},"name":"weights_column","label":"weights_column","help":"Column with observation weights. Giving some observation a weight of zero is equivalent to excluding it from the dataset; giving an observation a relative weight of 2 is equivalent to repeating that row twice. Negative weights are not allowed. Note: Weights are per-row observation weights and do not increase the size of the data frame. This is typically the number of times a row is repeated, but non-integer values are supported as well. During training, rows with higher weights matter more, due to the larger loss function pre-factor.","required":false,"type":"VecSpecifier","default_value":null,"actual_value":null,"level":"secondary","values":[],"is_member_of_frames":["training_frame","validation_frame"],"is_mutually_exclusive_with":["response_column","ignored_columns","offset_column","fold_column"],"gridable":true},{"__meta":{"schema_version":3,"schema_name":"ModelParameterSchemaV3","schema_type":"Iced"},"name":"family","label":"family","help":"Family. Use binomial for classification with logistic regression, others are for regression problems.","required":false,"type":"enum","default_value":"gaussian","actual_value":"multinomial","level":"critical","values":["gaussian","binomial","quasibinomial","ordinal","multinomial","poisson","gamma","tweedie"],"is_member_of_frames":[],"is_mutually_exclusive_with":[],"gridable":false},{"__meta":{"schema_version":3,"schema_name":"ModelParameterSchemaV3","schema_type":"Iced"},"name":"tweedie_variance_power","label":"tweedie_variance_power","help":"Tweedie variance power","required":false,"type":"double","default_value":0.0,"actual_value":0.0,"level":"critical","values":[],"is_member_of_frames":[],"is_mutually_exclusive_with":[],"gridable":true},{"__meta":{"schema_version":3,"schema_name":"ModelParameterSchemaV3","schema_type":"Iced"},"name":"tweedie_link_power","label":"tweedie_link_power","help":"Tweedie link power","required":false,"type":"double","default_value":1.0,"actual_value":1.0,"level":"critical","values":[],"is_member_of_frames":[],"is_mutually_exclusive_with":[],"gridable":true},{"__meta":{"schema_version":3,"schema_name":"ModelParameterSchemaV3","schema_type":"Iced"},"name":"solver","label":"solver","help":"AUTO will set the solver based on given data and the other parameters. IRLSM is fast on on problems with small number of predictors and for lambda-search with L1 penalty, L_BFGS scales better for datasets with many columns.","required":false,"type":"enum","default_value":"AUTO","actual_value":"COORDINATE_DESCENT","level":"critical","values":["AUTO","IRLSM","L_BFGS","COORDINATE_DESCENT_NAIVE","COORDINATE_DESCENT","GRADIENT_DESCENT_LH","GRADIENT_DESCENT_SQERR"],"is_member_of_frames":[],"is_mutually_exclusive_with":[],"gridable":false},{"__meta":{"schema_version":3,"schema_name":"ModelParameterSchemaV3","schema_type":"Iced"},"name":"alpha","label":"alpha","help":"Distribution of regularization between the L1 (Lasso) and L2 (Ridge) penalties. A value of 1 for alpha represents Lasso regression, a value of 0 produces Ridge regression, and anything in between specifies the amount of mixing between the two. Default value of alpha is 0 when SOLVER = 'L-BFGS'; 0.5 otherwise.","required":false,"type":"double[]","default_value":null,"actual_value":[0.5],"level":"critical","values":[],"is_member_of_frames":[],"is_mutually_exclusive_with":[],"gridable":true},{"__meta":{"schema_version":3,"schema_name":"ModelParameterSchemaV3","schema_type":"Iced"},"name":"lambda","label":"lambda","help":"Regularization strength","required":false,"type":"double[]","default_value":null,"actual_value":[9.549530989993239E-4],"level":"critical","values":[],"is_member_of_frames":[],"is_mutually_exclusive_with":[],"gridable":true},{"__meta":{"schema_version":3,"schema_name":"ModelParameterSchemaV3","schema_type":"Iced"},"name":"lambda_search","label":"lambda_search","help":"Use lambda search starting at lambda max, given lambda is then interpreted as lambda min","required":false,"type":"boolean","default_value":false,"actual_value":false,"level":"critical","values":[],"is_member_of_frames":[],"is_mutually_exclusive_with":[],"gridable":false},{"__meta":{"schema_version":3,"schema_name":"ModelParameterSchemaV3","schema_type":"Iced"},"name":"early_stopping","label":"early_stopping","help":"Stop early when there is no more relative improvement on train or validation (if provided)","required":false,"type":"boolean","default_value":true,"actual_value":false,"level":"critical","values":[],"is_member_of_frames":[],"is_mutually_exclusive_with":[],"gridable":false},{"__meta":{"schema_version":3,"schema_name":"ModelParameterSchemaV3","schema_type":"Iced"},"name":"nlambdas","label":"nlambdas","help":"Number of lambdas to be used in a search. Default indicates: If alpha is zero, with lambda search set to True, the value of nlamdas is set to 30 (fewer lambdas are needed for ridge regression) otherwise it is set to 100.","required":false,"type":"int","default_value":-1,"actual_value":-1,"level":"critical","values":[],"is_member_of_frames":[],"is_mutually_exclusive_with":[],"gridable":false},{"__meta":{"schema_version":3,"schema_name":"ModelParameterSchemaV3","schema_type":"Iced"},"name":"standardize","label":"standardize","help":"Standardize numeric columns to have zero mean and unit variance","required":false,"type":"boolean","default_value":true,"actual_value":true,"level":"critical","values":[],"is_member_of_frames":[],"is_mutually_exclusive_with":[],"gridable":false},{"__meta":{"schema_version":3,"schema_name":"ModelParameterSchemaV3","schema_type":"Iced"},"name":"missing_values_handling","label":"missing_values_handling","help":"Handling of missing values. Either MeanImputation or Skip.","required":false,"type":"enum","default_value":"MeanImputation","actual_value":"MeanImputation","level":"expert","values":["MeanImputation","Skip"],"is_member_of_frames":[],"is_mutually_exclusive_with":[],"gridable":true},{"__meta":{"schema_version":3,"schema_name":"ModelParameterSchemaV3","schema_type":"Iced"},"name":"compute_p_values","label":"compute_p_values","help":"Request p-values computation, p-values work only with IRLSM solver and no regularization","required":false,"type":"boolean","default_value":false,"actual_value":false,"level":"secondary","values":[],"is_member_of_frames":[],"is_mutually_exclusive_with":[],"gridable":false},{"__meta":{"schema_version":3,"schema_name":"ModelParameterSchemaV3","schema_type":"Iced"},"name":"remove_collinear_columns","label":"remove_collinear_columns","help":"In case of linearly dependent columns, remove some of the dependent columns","required":false,"type":"boolean","default_value":false,"actual_value":false,"level":"secondary","values":[],"is_member_of_frames":[],"is_mutually_exclusive_with":[],"gridable":false},{"__meta":{"schema_version":3,"schema_name":"ModelParameterSchemaV3","schema_type":"Iced"},"name":"intercept","label":"intercept","help":"Include constant term in the model","required":false,"type":"boolean","default_value":true,"actual_value":true,"level":"expert","values":[],"is_member_of_frames":[],"is_mutually_exclusive_with":[],"gridable":false},{"__meta":{"schema_version":3,"schema_name":"ModelParameterSchemaV3","schema_type":"Iced"},"name":"non_negative","label":"non_negative","help":"Restrict coefficients (not intercept) to be non-negative","required":false,"type":"boolean","default_value":false,"actual_value":true,"level":"critical","values":[],"is_member_of_frames":[],"is_mutually_exclusive_with":[],"gridable":false},{"__meta":{"schema_version":3,"schema_name":"ModelParameterSchemaV3","schema_type":"Iced"},"name":"max_iterations","label":"max_iterations","help":"Maximum number of iterations","required":false,"type":"int","default_value":-1,"actual_value":50,"level":"secondary","values":[],"is_member_of_frames":[],"is_mutually_exclusive_with":[],"gridable":false},{"__meta":{"schema_version":3,"schema_name":"ModelParameterSchemaV3","schema_type":"Iced"},"name":"objective_epsilon","label":"objective_epsilon","help":"Converge if  objective value changes less than this. Default indicates: If lambda_search is set to True the value of objective_epsilon is set to .0001. If the lambda_search is set to False and lambda is equal to zero, the value of objective_epsilon is set to .000001, for any other value of lambda the default value of objective_epsilon is set to .0001.","required":false,"type":"double","default_value":-1.0,"actual_value":1.0E-4,"level":"expert","values":[],"is_member_of_frames":[],"is_mutually_exclusive_with":[],"gridable":false},{"__meta":{"schema_version":3,"schema_name":"ModelParameterSchemaV3","schema_type":"Iced"},"name":"beta_epsilon","label":"beta_epsilon","help":"Converge if  beta changes less (using L-infinity norm) than beta esilon, ONLY applies to IRLSM solver ","required":false,"type":"double","default_value":1.0E-4,"actual_value":1.0E-4,"level":"expert","values":[],"is_member_of_frames":[],"is_mutually_exclusive_with":[],"gridable":false},{"__meta":{"schema_version":3,"schema_name":"ModelParameterSchemaV3","schema_type":"Iced"},"name":"gradient_epsilon","label":"gradient_epsilon","help":"Converge if  objective changes less (using L-infinity norm) than this, ONLY applies to L-BFGS solver. Default indicates: If lambda_search is set to False and lambda is equal to zero, the default value of gradient_epsilon is equal to .000001, otherwise the default value is .0001. If lambda_search is set to True, the conditional values above are 1E-8 and 1E-6 respectively.","required":false,"type":"double","default_value":-1.0,"actual_value":1.0E-4,"level":"expert","values":[],"is_member_of_frames":[],"is_mutually_exclusive_with":[],"gridable":false},{"__meta":{"schema_version":3,"schema_name":"ModelParameterSchemaV3","schema_type":"Iced"},"name":"link","label":"link","help":"","required":false,"type":"enum","default_value":"family_default","actual_value":"multinomial","level":"secondary","values":["family_default","identity","logit","log","inverse","tweedie","ologit","oprobit","ologlog"],"is_member_of_frames":[],"is_mutually_exclusive_with":[],"gridable":false},{"__meta":{"schema_version":3,"schema_name":"ModelParameterSchemaV3","schema_type":"Iced"},"name":"prior","label":"prior","help":"Prior probability for y==1. To be used only for logistic regression iff the data has been sampled and the mean of response does not reflect reality.","required":false,"type":"double","default_value":-1.0,"actual_value":-1.0,"level":"expert","values":[],"is_member_of_frames":[],"is_mutually_exclusive_with":[],"gridable":false},{"__meta":{"schema_version":3,"schema_name":"ModelParameterSchemaV3","schema_type":"Iced"},"name":"lambda_min_ratio","label":"lambda_min_ratio","help":"Minimum lambda used in lambda search, specified as a ratio of lambda_max (the smallest lambda that drives all coefficients to zero). Default indicates: if the number of observations is greater than the number of variables, then lambda_min_ratio is set to 0.0001; if the number of observations is less than the number of variables, then lambda_min_ratio is set to 0.01.","required":false,"type":"double","default_value":-1.0,"actual_value":1.0E-4,"level":"expert","values":[],"is_member_of_frames":[],"is_mutually_exclusive_with":[],"gridable":false},{"__meta":{"schema_version":3,"schema_name":"ModelParameterSchemaV3","schema_type":"Iced"},"name":"beta_constraints","label":"beta_constraints","help":"Beta constraints","required":false,"type":"Key<Frame>","default_value":null,"actual_value":null,"level":"critical","values":[],"is_member_of_frames":[],"is_mutually_exclusive_with":[],"gridable":false},{"__meta":{"schema_version":3,"schema_name":"ModelParameterSchemaV3","schema_type":"Iced"},"name":"max_active_predictors","label":"max_active_predictors","help":"Maximum number of active predictors during computation. Use as a stopping criterion to prevent expensive model building with many predictors. Default indicates: If the IRLSM solver is used, the value of max_active_predictors is set to 5000 otherwise it is set to 100000000.","required":false,"type":"int","default_value":-1,"actual_value":5000,"level":"expert","values":[],"is_member_of_frames":[],"is_mutually_exclusive_with":[],"gridable":false},{"__meta":{"schema_version":3,"schema_name":"ModelParameterSchemaV3","schema_type":"Iced"},"name":"interactions","label":"interactions","help":"A list of predictor column indices to interact. All pairwise combinations will be computed for the list.","required":false,"type":"string[]","default_value":null,"actual_value":null,"level":"expert","values":[],"is_member_of_frames":[],"is_mutually_exclusive_with":[],"gridable":false},{"__meta":{"schema_version":3,"schema_name":"ModelParameterSchemaV3","schema_type":"Iced"},"name":"interaction_pairs","label":"interaction_pairs","help":"A list of pairwise (first order) column interactions.","required":false,"type":"StringPair[]","default_value":null,"actual_value":null,"level":"expert","values":[],"is_member_of_frames":[],"is_mutually_exclusive_with":[],"gridable":false},{"__meta":{"schema_version":3,"schema_name":"ModelParameterSchemaV3","schema_type":"Iced"},"name":"obj_reg","label":"obj_reg","help":"Likelihood divider in objective value computation, default is 1/nobs","required":false,"type":"double","default_value":-1.0,"actual_value":3.7412548168655765E-5,"level":"critical","values":[],"is_member_of_frames":[],"is_mutually_exclusive_with":[],"gridable":false},{"__meta":{"schema_version":3,"schema_name":"ModelParameterSchemaV3","schema_type":"Iced"},"name":"export_checkpoints_dir","label":"export_checkpoints_dir","help":"Automatically export generated models to this directory.","required":false,"type":"string","default_value":null,"actual_value":null,"level":"secondary","values":[],"is_member_of_frames":[],"is_mutually_exclusive_with":[],"gridable":false},{"__meta":{"schema_version":3,"schema_name":"ModelParameterSchemaV3","schema_type":"Iced"},"name":"balance_classes","label":"balance_classes","help":"Balance training data class counts via over/under-sampling (for imbalanced data).","required":false,"type":"boolean","default_value":false,"actual_value":false,"level":"secondary","values":[],"is_member_of_frames":[],"is_mutually_exclusive_with":[],"gridable":false},{"__meta":{"schema_version":3,"schema_name":"ModelParameterSchemaV3","schema_type":"Iced"},"name":"class_sampling_factors","label":"class_sampling_factors","help":"Desired over/under-sampling ratios per class (in lexicographic order). If not specified, sampling factors will be automatically computed to obtain class balance during training. Requires balance_classes.","required":false,"type":"float[]","default_value":null,"actual_value":null,"level":"expert","values":[],"is_member_of_frames":[],"is_mutually_exclusive_with":[],"gridable":false},{"__meta":{"schema_version":3,"schema_name":"ModelParameterSchemaV3","schema_type":"Iced"},"name":"max_after_balance_size","label":"max_after_balance_size","help":"Maximum relative size of the training data after balancing class counts (can be less than 1.0). Requires balance_classes.","required":false,"type":"float","default_value":5.0,"actual_value":5.0,"level":"expert","values":[],"is_member_of_frames":[],"is_mutually_exclusive_with":[],"gridable":false},{"__meta":{"schema_version":3,"schema_name":"ModelParameterSchemaV3","schema_type":"Iced"},"name":"max_confusion_matrix_size","label":"max_confusion_matrix_size","help":"[Deprecated] Maximum size (# classes) for confusion matrices to be printed in the Logs","required":false,"type":"int","default_value":20,"actual_value":20,"level":"secondary","values":[],"is_member_of_frames":[],"is_mutually_exclusive_with":[],"gridable":false},{"__meta":{"schema_version":3,"schema_name":"ModelParameterSchemaV3","schema_type":"Iced"},"name":"max_hit_ratio_k","label":"max_hit_ratio_k","help":"Maximum number (top K) of predictions to use for hit ratio computation (for multi-class only, 0 to disable)","required":false,"type":"int","default_value":0,"actual_value":0,"level":"secondary","values":[],"is_member_of_frames":[],"is_mutually_exclusive_with":[],"gridable":false},{"__meta":{"schema_version":3,"schema_name":"ModelParameterSchemaV3","schema_type":"Iced"},"name":"max_runtime_secs","label":"max_runtime_secs","help":"Maximum allowed runtime in seconds for model training. Use 0 to disable.","required":false,"type":"double","default_value":0.0,"actual_value":0.0,"level":"secondary","values":[],"is_member_of_frames":[],"is_mutually_exclusive_with":[],"gridable":true},{"__meta":{"schema_version":3,"schema_name":"ModelParameterSchemaV3","schema_type":"Iced"},"name":"custom_metric_func","label":"custom_metric_func","help":"Reference to custom evaluation function, format: `language:keyName=funcName`","required":false,"type":"string","default_value":null,"actual_value":null,"level":"secondary","values":[],"is_member_of_frames":[],"is_mutually_exclusive_with":[],"gridable":false}],"output":{"__meta":{"schema_version":3,"schema_name":"GLMModelOutputV3","schema_type":"GLMOutput"},"names":["Adoption","Died","Euthanasia","Return_to_owner","Transfer","Adoption0","Died0","Euthanasia0","Return_to_owner0","Transfer0","Adoption1","Died1","Euthanasia1","Return_to_owner1","Transfer1","Adoption2","Died2","Euthanasia2","Return_to_owner2","Transfer2","Adoption3","Died3","Euthanasia3","Return_to_owner3","Transfer3","OutcomeType"],"domains":[null,null,null,null,null,null,null,null,null,null,null,null,null,null,null,null,null,null,null,null,null,null,null,null,null,["Adoption","Died","Euthanasia","Return_to_owner","Transfer"]],"cross_validation_models":null,"cross_validation_predictions":null,"cross_validation_holdout_predictions_frame_id":null,"cross_validation_fold_assignment_frame_id":null,"model_category":"Multinomial","model_summary":{"__meta":{"schema_version":3,"schema_name":"TwoDimTableV3","schema_type":"TwoDimTable"},"name":"GLM Model","description":"summary","columns":[{"__meta":{"schema_version":-1,"schema_name":"ColumnSpecsBase","schema_type":"Iced"},"name":"","type":"string","format":"%s","description":""},{"__meta":{"schema_version":-1,"schema_name":"ColumnSpecsBase","schema_type":"Iced"},"name":"family","type":"string","format":"%s","description":"Family"},{"__meta":{"schema_version":-1,"schema_name":"ColumnSpecsBase","schema_type":"Iced"},"name":"link","type":"string","format":"%s","description":"Link"},{"__meta":{"schema_version":-1,"schema_name":"ColumnSpecsBase","schema_type":"Iced"},"name":"regularization","type":"string","format":"%s","description":"Regularization"},{"__meta":{"schema_version":-1,"schema_name":"ColumnSpecsBase","schema_type":"Iced"},"name":"number_of_predictors_total","type":"int","format":"%d","description":"Number of Predictors Total"},{"__meta":{"schema_version":-1,"schema_name":"ColumnSpecsBase","schema_type":"Iced"},"name":"number_of_active_predictors","type":"int","format":"%d","description":"Number of Active Predictors"},{"__meta":{"schema_version":-1,"schema_name":"ColumnSpecsBase","schema_type":"Iced"},"name":"number_of_iterations","type":"int","format":"%d","description":"Number of Iterations"},{"__meta":{"schema_version":-1,"schema_name":"ColumnSpecsBase","schema_type":"Iced"},"name":"training_frame","type":"string","format":"%s","description":"Training Frame"}],"rowcount":1,"data":[[""],["multinomial"],["multinomial"],["Elastic Net (alpha = 0.5, lambda = 9.55E-4 )"],[130],["38"],[10],["levelone_training_StackedEnsemble_BestOfFamily_AutoML_20190301_191249"]]},"scoring_history":{"__meta":{"schema_version":3,"schema_name":"TwoDimTableV3","schema_type":"TwoDimTable"},"name":"Scoring History","description":"","columns":[{"__meta":{"schema_version":-1,"schema_name":"ColumnSpecsBase","schema_type":"Iced"},"name":"","type":"string","format":"%s","description":""},{"__meta":{"schema_version":-1,"schema_name":"ColumnSpecsBase","schema_type":"Iced"},"name":"timestamp","type":"string","format":"%s","description":"timestamp"},{"__meta":{"schema_version":-1,"schema_name":"ColumnSpecsBase","schema_type":"Iced"},"name":"duration","type":"string","format":"%s","description":"duration"},{"__meta":{"schema_version":-1,"schema_name":"ColumnSpecsBase","schema_type":"Iced"},"name":"iterations","type":"int","format":"%d","description":"iterations"},{"__meta":{"schema_version":-1,"schema_name":"ColumnSpecsBase","schema_type":"Iced"},"name":"negative_log_likelihood","type":"double","format":"%.5f","description":"negative_log_likelihood"},{"__meta":{"schema_version":-1,"schema_name":"ColumnSpecsBase","schema_type":"Iced"},"name":"objective","type":"double","format":"%.5f","description":"objective"}],"rowcount":11,"data":[["","","","","","","","","","",""],["2019-03-01 19:19:20","2019-03-01 19:19:20","2019-03-01 19:19:20","2019-03-01 19:19:21","2019-03-01 19:19:21","2019-03-01 19:19:21","2019-03-01 19:19:21","2019-03-01 19:19:21","2019-03-01 19:19:22","2019-03-01 19:19:22","2019-03-01 19:19:22"],[" 0.000 sec"," 0.177 sec"," 0.405 sec"," 0.590 sec"," 0.801 sec"," 1.005 sec"," 1.221 sec"," 1.429 sec"," 1.619 sec"," 1.823 sec"," 2.013 sec"],[0,1,2,3,4,5,6,7,8,9,10],[33236.54487657189,9709.02908125672,7521.7505318938165,6826.898017149726,6773.570067100824,6764.720804597304,6761.176637527544,6762.316728987851,6761.015180303595,6762.241522370148,6760.9558112386685],[1.2434638361544348,0.36986479878398765,0.2887566689678085,0.26399605984714264,0.2625291898208794,0.26211982619714097,0.2619664844474831,0.2619198310270635,0.2618794531575729,0.2618503424098291,0.26182683545904745]]},"training_metrics":{"__meta":{"schema_version":3,"schema_name":"ModelMetricsMultinomialGLMV3","schema_type":"ModelMetricsMultinomialGLM"},"model":{"__meta":{"schema_version":3,"schema_name":"ModelKeyV3","schema_type":"Key<Model>"},"name":"metalearner_AUTO_StackedEnsemble_BestOfFamily_AutoML_20190301_191249","type":"Key<Model>","URL":"/3/Models/metalearner_AUTO_StackedEnsemble_BestOfFamily_AutoML_20190301_191249"},"model_checksum":-4372986913401900168,"frame":{"__meta":{"schema_version":3,"schema_name":"FrameKeyV3","schema_type":"Key<Frame>"},"name":"levelone_training_StackedEnsemble_BestOfFamily_AutoML_20190301_191249","type":"Key<Frame>","URL":"/3/Frames/levelone_training_StackedEnsemble_BestOfFamily_AutoML_20190301_191249"},"frame_checksum":-420365856413046392,"description":null,"model_category":"Multinomial","scoring_time":1551485962550,"predictions":null,"MSE":0.08349808981665864,"RMSE":0.28896036028607563,"nobs":26729,"custom_metric_name":null,"custom_metric_value":0.0,"r2":0.9739311839201524,"hit_ratio_table":{"__meta":{"schema_version":3,"schema_name":"TwoDimTableV3","schema_type":"TwoDimTable"},"name":"Top-5 Hit Ratios","description":"","columns":[{"__meta":{"schema_version":-1,"schema_name":"ColumnSpecsBase","schema_type":"Iced"},"name":"k","type":"string","format":"%s","description":"K"},{"__meta":{"schema_version":-1,"schema_name":"ColumnSpecsBase","schema_type":"Iced"},"name":"hit_ratio","type":"float","format":"%f","description":"Hit Ratio"}],"rowcount":5,"data":[["1","2","3","4","5"],[0.87384486,0.99928916,0.9998129,0.99992514,0.99999994]]},"cm":{"__meta":{"schema_version":3,"schema_name":"ConfusionMatrixV3","schema_type":"ConfusionMatrix"},"table":{"__meta":{"schema_version":3,"schema_name":"TwoDimTableV3","schema_type":"TwoDimTable"},"name":"Confusion Matrix","description":"Row labels: Actual class; Column labels: Predicted class","columns":[{"__meta":{"schema_version":-1,"schema_name":"ColumnSpecsBase","schema_type":"Iced"},"name":"Adoption","type":"long","format":"%d","description":"Adoption"},{"__meta":{"schema_version":-1,"schema_name":"ColumnSpecsBase","schema_type":"Iced"},"name":"Died","type":"long","format":"%d","description":"Died"},{"__meta":{"schema_version":-1,"schema_name":"ColumnSpecsBase","schema_type":"Iced"},"name":"Euthanasia","type":"long","format":"%d","description":"Euthanasia"},{"__meta":{"schema_version":-1,"schema_name":"ColumnSpecsBase","schema_type":"Iced"},"name":"Return_to_owner","type":"long","format":"%d","description":"Return_to_owner"},{"__meta":{"schema_version":-1,"schema_name":"ColumnSpecsBase","schema_type":"Iced"},"name":"Transfer","type":"long","format":"%d","description":"Transfer"},{"__meta":{"schema_version":-1,"schema_name":"ColumnSpecsBase","schema_type":"Iced"},"name":"Error","type":"double","format":"%.4f","description":"Error"},{"__meta":{"schema_version":-1,"schema_name":"ColumnSpecsBase","schema_type":"Iced"},"name":"Rate","type":"string","format":"= %14s","description":"Rate"}],"rowcount":6,"data":[[9489,5,1,2073,2,11570],[0,186,0,0,0,186],[0,0,1554,0,1,1555],[1279,6,0,2713,4,4002],[1,0,0,0,9415,9416],[0.1188596898504968,0.05583756345177665,6.430868167202572E-4,0.4331383201002925,7.429420505200594E-4,0.12615511242470726],["1,280 / 10,769","11 / 197","1 / 1,555","2,073 / 4,786","7 / 9,422","3,372 / 26,729"]]}},"logloss":0.25294458495411987,"mean_per_class_error":0.12184432045396125,"residual_deviance":13521.911622477337,"null_deviance":66473.08975314378,"AIC":"NaN","null_degrees_of_freedom":26728,"residual_degrees_of_freedom":26686},"validation_metrics":null,"cross_validation_metrics":{"__meta":{"schema_version":3,"schema_name":"ModelMetricsMultinomialGLMV3","schema_type":"ModelMetricsMultinomialGLM"},"model":{"__meta":{"schema_version":3,"schema_name":"ModelKeyV3","schema_type":"Key<Model>"},"name":"metalearner_AUTO_StackedEnsemble_BestOfFamily_AutoML_20190301_191249","type":"Key<Model>","URL":"/3/Models/metalearner_AUTO_StackedEnsemble_BestOfFamily_AutoML_20190301_191249"},"model_checksum":-4372986913401900168,"frame":{"__meta":{"schema_version":3,"schema_name":"FrameKeyV3","schema_type":"Key<Frame>"},"name":"levelone_training_StackedEnsemble_BestOfFamily_AutoML_20190301_191249","type":"Key<Frame>","URL":"/3/Frames/levelone_training_StackedEnsemble_BestOfFamily_AutoML_20190301_191249"},"frame_checksum":-420365856413046392,"description":"5-fold cross-validation on training data (Metrics computed for combined holdout predictions)","model_category":"Multinomial","scoring_time":1551485962553,"predictions":null,"MSE":0.08380497263171136,"RMSE":0.2894908852307985,"nobs":26729,"custom_metric_name":null,"custom_metric_value":0.0,"r2":0.9738353724868462,"hit_ratio_table":{"__meta":{"schema_version":3,"schema_name":"TwoDimTableV3","schema_type":"TwoDimTable"},"name":"Top-5 Hit Ratios","description":"","columns":[{"__meta":{"schema_version":-1,"schema_name":"ColumnSpecsBase","schema_type":"Iced"},"name":"k","type":"string","format":"%s","description":"K"},{"__meta":{"schema_version":-1,"schema_name":"ColumnSpecsBase","schema_type":"Iced"},"name":"hit_ratio","type":"float","format":"%f","description":"Hit Ratio"}],"rowcount":5,"data":[["1","2","3","4","5"],[0.87410676,0.99928916,0.9997381,0.99992514,0.99999994]]},"cm":{"__meta":{"schema_version":3,"schema_name":"ConfusionMatrixV3","schema_type":"ConfusionMatrix"},"table":{"__meta":{"schema_version":3,"schema_name":"TwoDimTableV3","schema_type":"TwoDimTable"},"name":"Confusion Matrix","description":"Row labels: Actual class; Column labels: Predicted class","columns":[{"__meta":{"schema_version":-1,"schema_name":"ColumnSpecsBase","schema_type":"Iced"},"name":"Adoption","type":"long","format":"%d","description":"Adoption"},{"__meta":{"schema_version":-1,"schema_name":"ColumnSpecsBase","schema_type":"Iced"},"name":"Died","type":"long","format":"%d","description":"Died"},{"__meta":{"schema_version":-1,"schema_name":"ColumnSpecsBase","schema_type":"Iced"},"name":"Euthanasia","type":"long","format":"%d","description":"Euthanasia"},{"__meta":{"schema_version":-1,"schema_name":"ColumnSpecsBase","schema_type":"Iced"},"name":"Return_to_owner","type":"long","format":"%d","description":"Return_to_owner"},{"__meta":{"schema_version":-1,"schema_name":"ColumnSpecsBase","schema_type":"Iced"},"name":"Transfer","type":"long","format":"%d","description":"Transfer"},{"__meta":{"schema_version":-1,"schema_name":"ColumnSpecsBase","schema_type":"Iced"},"name":"Error","type":"double","format":"%.4f","description":"Error"},{"__meta":{"schema_version":-1,"schema_name":"ColumnSpecsBase","schema_type":"Iced"},"name":"Rate","type":"string","format":"= %14s","description":"Rate"}],"rowcount":6,"data":[[9494,5,1,2071,2,11573],[0,186,0,0,0,186],[0,0,1554,0,1,1555],[1274,6,0,2715,4,3999],[1,0,0,0,9415,9416],[0.11839539418701829,0.05583756345177665,6.430868167202572E-4,0.43272043460091936,7.429420505200594E-4,0.12589322458752666],["1,275 / 10,769","11 / 197","1 / 1,555","2,071 / 4,786","7 / 9,422","3,365 / 26,729"]]}},"logloss":0.25419649860804894,"mean_per_class_error":0.12166788422139092,"residual_deviance":13588.83642258908,"null_deviance":66482.60049066046,"AIC":"NaN","null_degrees_of_freedom":26728,"residual_degrees_of_freedom":26685},"cross_validation_metrics_summary":{"__meta":{"schema_version":3,"schema_name":"TwoDimTableV3","schema_type":"TwoDimTable"},"name":"Cross-Validation Metrics Summary","description":"","columns":[{"__meta":{"schema_version":-1,"schema_name":"ColumnSpecsBase","schema_type":"Iced"},"name":"","type":"string","format":"%s","description":""},{"__meta":{"schema_version":-1,"schema_name":"ColumnSpecsBase","schema_type":"Iced"},"name":"mean","type":"string","format":"%s","description":"mean"},{"__meta":{"schema_version":-1,"schema_name":"ColumnSpecsBase","schema_type":"Iced"},"name":"sd","type":"string","format":"%s","description":"sd"},{"__meta":{"schema_version":-1,"schema_name":"ColumnSpecsBase","schema_type":"Iced"},"name":"cv_1_valid","type":"string","format":"%s","description":"cv_1_valid"},{"__meta":{"schema_version":-1,"schema_name":"ColumnSpecsBase","schema_type":"Iced"},"name":"cv_2_valid","type":"string","format":"%s","description":"cv_2_valid"},{"__meta":{"schema_version":-1,"schema_name":"ColumnSpecsBase","schema_type":"Iced"},"name":"cv_3_valid","type":"string","format":"%s","description":"cv_3_valid"},{"__meta":{"schema_version":-1,"schema_name":"ColumnSpecsBase","schema_type":"Iced"},"name":"cv_4_valid","type":"string","format":"%s","description":"cv_4_valid"},{"__meta":{"schema_version":-1,"schema_name":"ColumnSpecsBase","schema_type":"Iced"},"name":"cv_5_valid","type":"string","format":"%s","description":"cv_5_valid"}],"rowcount":12,"data":[["accuracy","err","err_count","logloss","max_per_class_error","mean_per_class_accuracy","mean_per_class_error","mse","null_deviance","r2","residual_deviance","rmse"],["0.8741158","0.12588418","673.0","0.2541717","0.43256718","0.8774972","0.12250282","0.08379886","13296.5205","0.97383106","2717.7673","0.28946614"],["0.0022868253","0.0022868253","13.689412","0.0036050568","0.009848738","0.007923833","0.007923833","0.0011673392","96.496925","4.5104825E-4","48.04941","0.0020263214"],["0.8698913","0.13010873","694.0","0.25429255","0.43578485","0.88519657","0.11480345","0.084441245","13183.641","0.9739219","2712.793","0.29058775"],["0.8796751","0.120324895","637.0","0.24452357","0.41684902","0.8928825","0.10711748","0.080767386","13112.63","0.9749167","2589.0156","0.28419605"],["0.8743504","0.12564959","677.0","0.2560306","0.4493927","0.8619896","0.13801035","0.08341494","13360.092","0.97394407","2758.9858","0.28881645"],["0.8722689","0.1277311","684.0","0.25659055","0.44489795","0.8793073","0.120692655","0.08505873","13500.661","0.9731448","2748.085","0.2916483"],["0.8743934","0.12560657","673.0","0.25942117","0.41591138","0.8681098","0.13189016","0.08531202","13325.577","0.9732278","2779.9573","0.29208222"]]},"status":null,"start_time":1551485936123,"end_time":1551485962551,"run_time":26428,"help":{"cross_validation_predictions":"Cross-validation predictions, one per cv model (deprecated, use cross_validation_holdout_predictions_frame_id instead)", "cross_validation_holdout_predictions_frame_id":"Cross-validation holdout predictions (full out-of-sample predictions on training data)", "coefficients_table_multinomials_with_class_names":"Table of Coefficients with coefficients denoted with class names for GLM multinonimals only.", "validation_metrics":"Validation data model metrics", "cross_validation_metrics_summary":"Cross-validation model metrics summary", "status":"Job status", "run_time":"Runtime in milliseconds", "domains":"Domains for categorical columns", "model_category":"Category of the model (e.g., Binomial)", "__meta":"Metadata on this schema instance, to make it self-describing.", "standardized_coefficient_magnitudes":"Standardized Coefficient Magnitudes", "model_summary":"Model summary", "scoring_history":"Scoring history", "help":"Help information for output fields", "end_time":"End time in milliseconds", "names":"Column names", "cross_validation_fold_assignment_frame_id":"Cross-validation fold assignment (each row is assigned to one holdout fold)", "start_time":"Start time in milliseconds", "training_metrics":"Training data model metrics", "cross_validation_models":"Cross-validation models (model ids)", "cross_validation_metrics":"Cross-validation model metrics", "coefficients_table":"Table of Coefficients", "lambda_best":"Lambda minimizing the objective value, only applicable with lambd search", "lambda_1se":"Lambda best + 1 standard error. Only applicable with lambda search and cross-validation"},"coefficients_table":{"__meta":{"schema_version":3,"schema_name":"TwoDimTableV3","schema_type":"TwoDimTable"},"name":"Coefficients","description":"glm multinomial coefficients","columns":[{"__meta":{"schema_version":-1,"schema_name":"ColumnSpecsBase","schema_type":"Iced"},"name":"names","type":"string","format":"%s","description":"names"},{"__meta":{"schema_version":-1,"schema_name":"ColumnSpecsBase","schema_type":"Iced"},"name":"coefs_class_0","type":"double","format":"%5f","description":"coefs_class_0"},{"__meta":{"schema_version":-1,"schema_name":"ColumnSpecsBase","schema_type":"Iced"},"name":"coefs_class_1","type":"double","format":"%5f","description":"coefs_class_1"},{"__meta":{"schema_version":-1,"schema_name":"ColumnSpecsBase","schema_type":"Iced"},"name":"coefs_class_2","type":"double","format":"%5f","description":"coefs_class_2"},{"__meta":{"schema_version":-1,"schema_name":"ColumnSpecsBase","schema_type":"Iced"},"name":"coefs_class_3","type":"double","format":"%5f","description":"coefs_class_3"},{"__meta":{"schema_version":-1,"schema_name":"ColumnSpecsBase","schema_type":"Iced"},"name":"coefs_class_4","type":"double","format":"%5f","description":"coefs_class_4"},{"__meta":{"schema_version":-1,"schema_name":"ColumnSpecsBase","schema_type":"Iced"},"name":"std_coefs_class_0","type":"double","format":"%5f","description":"std_coefs_class_0"},{"__meta":{"schema_version":-1,"schema_name":"ColumnSpecsBase","schema_type":"Iced"},"name":"std_coefs_class_1","type":"double","format":"%5f","description":"std_coefs_class_1"},{"__meta":{"schema_version":-1,"schema_name":"ColumnSpecsBase","schema_type":"Iced"},"name":"std_coefs_class_2","type":"double","format":"%5f","description":"std_coefs_class_2"},{"__meta":{"schema_version":-1,"schema_name":"ColumnSpecsBase","schema_type":"Iced"},"name":"std_coefs_class_3","type":"double","format":"%5f","description":"std_coefs_class_3"},{"__meta":{"schema_version":-1,"schema_name":"ColumnSpecsBase","schema_type":"Iced"},"name":"std_coefs_class_4","type":"double","format":"%5f","description":"std_coefs_class_4"}],"rowcount":26,"data":[["Intercept","Adoption","Died","Euthanasia","Return_to_owner","Transfer","Adoption0","Died0","Euthanasia0","Return_to_owner0","Transfer0","Adoption1","Died1","Euthanasia1","Return_to_owner1","Transfer1","Adoption2","Died2","Euthanasia2","Return_to_owner2","Transfer2","Adoption3","Died3","Euthanasia3","Return_to_owner3","Transfer3"],[-4.27107134442275,1.9262481173430566,0.0,0.0,0.6853420431692137,0.0,1.392109093794279,0.0,0.0,0.8793371914624087,0.0,1.221781627737718,0.0,0.0,0.6659704196410066,0.0,6.475739894207198E-5,1.7111944207500986,0.0,0.0,0.0,4.170231193128631,0.0,0.0,0.0,0.0],[-5.049092411888995,0.3629733753496708,4.6693736421901235,0.0,0.0,0.0,0.1495602032248073,3.9083438785744797,0.0,0.0,0.017643413484631047,0.4178561427592743,1.584350965710206,0.0,0.0,0.0,0.0,0.8729185932051486,0.0,0.0,0.08448467811078586,0.15331377028163265,0.0,0.9551782277331841,0.0,0.09894940465124875],[-6.758906694662121,0.0,0.0,3.1985477189336984,0.0,0.0,0.0,0.0,2.7196074074105607,0.0,0.0,0.0,0.0,2.602289906829645,0.0,0.0,0.0,0.0,0.9708298501140705,0.0,0.0,0.0,0.0,12.051033843143461,0.0,0.0],[-3.716178122771045,0.0,0.0,0.0,0.4008647378892839,0.0,0.18079158670526463,0.0,0.0,0.4985159017739104,0.0,0.0,0.0,0.0,0.6183197754915162,0.0,2.7395885552883223,0.0,0.0,4.061470055150568,0.0,0.0,0.0,0.0,2.095169709525688,0.0],[-5.087438821008754,0.0,0.0,0.0,0.0,2.5467852849194093,0.0,0.0,0.0,0.0,2.4253891578518836,0.0,0.0,0.0,0.0,2.5005871414168404,0.0,0.0,0.6244758004153661,0.0,2.7073105995485225,0.0,0.0,0.0,0.0,0.0],[-0.2999649928439908,0.7959512233942193,0.0,0.0,0.1819099091142775,0.0,0.5223506413142683,0.0,0.0,0.21619326771635947,0.0,0.49103883219876654,0.0,0.0,0.18431219906451937,0.0,2.0646805276729662E-5,0.21662799822456535,0.0,0.0,0.0,0.4741635220520303,0.0,0.0,0.0,0.0],[-4.375568925741911,0.14998540404421126,0.3829144255803848,0.0,0.0,0.0,0.056118351943698394,0.28758759588785604,0.0,0.0,0.008164431894154812,0.16793802403750194,0.12794597640148742,0.0,0.0,0.0,0.0,0.11050679289624146,0.0,0.0,0.027557450961507097,0.01743207844581784,0.0,0.016099690368694068,0.0,0.014206911628583922],[-5.420743578383747,0.0,0.0,0.7439674187351977,0.0,0.0,0.0,0.0,0.5840497575191801,0.0,0.0,0.0,0.0,0.6080866630469426,0.0,0.0,0.0,0.0,0.2106179534512849,0.0,0.0,0.0,0.0,0.20312221098014735,0.0,0.0],[-1.334349754012367,0.0,0.0,0.0,0.10640127621435558,0.0,0.0678370694370844,0.0,0.0,0.12256479409659626,0.0,0.0,0.0,0.0,0.17112453374033315,0.0,0.8734716397425661,0.0,0.0,0.8860972750064942,0.0,0.0,0.0,0.0,0.14593976181038523,0.0],[-1.575935752763004,0.0,0.0,0.0,0.0,1.2090462466085958,0.0,0.0,0.0,0.0,1.1223409015127601,0.0,0.0,0.0,0.0,1.1942635699272237,0.0,0.0,0.1354777204758212,0.0,0.8830782190682458,0.0,0.0,0.0,0.0,0.0]]},"coefficients_table_multinomials_with_class_names":{"__meta":{"schema_version":3,"schema_name":"TwoDimTableV3","schema_type":"TwoDimTable"},"name":"Coefficients with class names","description":"glm multinomial coefficients","columns":[{"__meta":{"schema_version":-1,"schema_name":"ColumnSpecsBase","schema_type":"Iced"},"name":"names","type":"string","format":"%s","description":"names"},{"__meta":{"schema_version":-1,"schema_name":"ColumnSpecsBase","schema_type":"Iced"},"name":"coefs_class_Adoption","type":"double","format":"%5f","description":"coefs_class_0"},{"__meta":{"schema_version":-1,"schema_name":"ColumnSpecsBase","schema_type":"Iced"},"name":"coefs_class_Died","type":"double","format":"%5f","description":"coefs_class_1"},{"__meta":{"schema_version":-1,"schema_name":"ColumnSpecsBase","schema_type":"Iced"},"name":"coefs_class_Euthanasia","type":"double","format":"%5f","description":"coefs_class_2"},{"__meta":{"schema_version":-1,"schema_name":"ColumnSpecsBase","schema_type":"Iced"},"name":"coefs_class_Return_to_owner","type":"double","format":"%5f","description":"coefs_class_3"},{"__meta":{"schema_version":-1,"schema_name":"ColumnSpecsBase","schema_type":"Iced"},"name":"coefs_class_Transfer","type":"double","format":"%5f","description":"coefs_class_4"},{"__meta":{"schema_version":-1,"schema_name":"ColumnSpecsBase","schema_type":"Iced"},"name":"std_coefs_class_Adoption","type":"double","format":"%5f","description":"std_coefs_class_0"},{"__meta":{"schema_version":-1,"schema_name":"ColumnSpecsBase","schema_type":"Iced"},"name":"std_coefs_class_Died","type":"double","format":"%5f","description":"std_coefs_class_1"},{"__meta":{"schema_version":-1,"schema_name":"ColumnSpecsBase","schema_type":"Iced"},"name":"std_coefs_class_Euthanasia","type":"double","format":"%5f","description":"std_coefs_class_2"},{"__meta":{"schema_version":-1,"schema_name":"ColumnSpecsBase","schema_type":"Iced"},"name":"std_coefs_class_Return_to_owner","type":"double","format":"%5f","description":"std_coefs_class_3"},{"__meta":{"schema_version":-1,"schema_name":"ColumnSpecsBase","schema_type":"Iced"},"name":"std_coefs_class_Transfer","type":"double","format":"%5f","description":"std_coefs_class_4"}],"rowcount":26,"data":[["Intercept","Adoption","Died","Euthanasia","Return_to_owner","Transfer","Adoption0","Died0","Euthanasia0","Return_to_owner0","Transfer0","Adoption1","Died1","Euthanasia1","Return_to_owner1","Transfer1","Adoption2","Died2","Euthanasia2","Return_to_owner2","Transfer2","Adoption3","Died3","Euthanasia3","Return_to_owner3","Transfer3"],[-4.27107134442275,1.9262481173430566,0.0,0.0,0.6853420431692137,0.0,1.392109093794279,0.0,0.0,0.8793371914624087,0.0,1.221781627737718,0.0,0.0,0.6659704196410066,0.0,6.475739894207198E-5,1.7111944207500986,0.0,0.0,0.0,4.170231193128631,0.0,0.0,0.0,0.0],[-5.049092411888995,0.3629733753496708,4.6693736421901235,0.0,0.0,0.0,0.1495602032248073,3.9083438785744797,0.0,0.0,0.017643413484631047,0.4178561427592743,1.584350965710206,0.0,0.0,0.0,0.0,0.8729185932051486,0.0,0.0,0.08448467811078586,0.15331377028163265,0.0,0.9551782277331841,0.0,0.09894940465124875],[-6.758906694662121,0.0,0.0,3.1985477189336984,0.0,0.0,0.0,0.0,2.7196074074105607,0.0,0.0,0.0,0.0,2.602289906829645,0.0,0.0,0.0,0.0,0.9708298501140705,0.0,0.0,0.0,0.0,12.051033843143461,0.0,0.0],[-3.716178122771045,0.0,0.0,0.0,0.4008647378892839,0.0,0.18079158670526463,0.0,0.0,0.4985159017739104,0.0,0.0,0.0,0.0,0.6183197754915162,0.0,2.7395885552883223,0.0,0.0,4.061470055150568,0.0,0.0,0.0,0.0,2.095169709525688,0.0],[-5.087438821008754,0.0,0.0,0.0,0.0,2.5467852849194093,0.0,0.0,0.0,0.0,2.4253891578518836,0.0,0.0,0.0,0.0,2.5005871414168404,0.0,0.0,0.6244758004153661,0.0,2.7073105995485225,0.0,0.0,0.0,0.0,0.0],[-0.2999649928439908,0.7959512233942193,0.0,0.0,0.1819099091142775,0.0,0.5223506413142683,0.0,0.0,0.21619326771635947,0.0,0.49103883219876654,0.0,0.0,0.18431219906451937,0.0,2.0646805276729662E-5,0.21662799822456535,0.0,0.0,0.0,0.4741635220520303,0.0,0.0,0.0,0.0],[-4.375568925741911,0.14998540404421126,0.3829144255803848,0.0,0.0,0.0,0.056118351943698394,0.28758759588785604,0.0,0.0,0.008164431894154812,0.16793802403750194,0.12794597640148742,0.0,0.0,0.0,0.0,0.11050679289624146,0.0,0.0,0.027557450961507097,0.01743207844581784,0.0,0.016099690368694068,0.0,0.014206911628583922],[-5.420743578383747,0.0,0.0,0.7439674187351977,0.0,0.0,0.0,0.0,0.5840497575191801,0.0,0.0,0.0,0.0,0.6080866630469426,0.0,0.0,0.0,0.0,0.2106179534512849,0.0,0.0,0.0,0.0,0.20312221098014735,0.0,0.0],[-1.334349754012367,0.0,0.0,0.0,0.10640127621435558,0.0,0.0678370694370844,0.0,0.0,0.12256479409659626,0.0,0.0,0.0,0.0,0.17112453374033315,0.0,0.8734716397425661,0.0,0.0,0.8860972750064942,0.0,0.0,0.0,0.0,0.14593976181038523,0.0],[-1.575935752763004,0.0,0.0,0.0,0.0,1.2090462466085958,0.0,0.0,0.0,0.0,1.1223409015127601,0.0,0.0,0.0,0.0,1.1942635699272237,0.0,0.0,0.1354777204758212,0.0,0.8830782190682458,0.0,0.0,0.0,0.0,0.0]]},"standardized_coefficient_magnitudes":{"__meta":{"schema_version":3,"schema_name":"TwoDimTableV3","schema_type":"TwoDimTable"},"name":"Standardized Coefficient Magnitudes","description":"standardized coefficient magnitudes","columns":[{"__meta":{"schema_version":-1,"schema_name":"ColumnSpecsBase","schema_type":"Iced"},"name":"names","type":"string","format":"%s","description":"names"},{"__meta":{"schema_version":-1,"schema_name":"ColumnSpecsBase","schema_type":"Iced"},"name":"coefficients","type":"double","format":"%5f","description":"Coefficients"},{"__meta":{"schema_version":-1,"schema_name":"ColumnSpecsBase","schema_type":"Iced"},"name":"sign","type":"string","format":"%s","description":"Sign"}],"rowcount":26,"data":[["Transfer","Transfer1","Transfer0","Adoption","Transfer2","Return_to_owner2","Adoption2","Euthanasia","Adoption1","Adoption0","Euthanasia1","Euthanasia0","Adoption3","Died","Return_to_owner1","Euthanasia2","Return_to_owner0","Died2","Return_to_owner","Died0","Euthanasia3","Return_to_owner3","Died1","Transfer3","Died3",""],[1.2090462466085958,1.1942635699272237,1.1305053334069148,0.9459366274384305,0.9106356700297529,0.8860972750064942,0.8734922865478428,0.7439674187351977,0.6589768562362684,0.6463060626950512,0.6080866630469426,0.5840497575191801,0.4915956004978481,0.3829144255803848,0.35543673280485255,0.3460956739271061,0.33875806181295576,0.3271347911208068,0.2883111853286331,0.28758759588785604,0.21922190134884142,0.14593976181038523,0.12794597640148742,0.014206911628583922,0.0,null],["POS","POS","POS","POS","POS","POS","POS","POS","POS","POS","POS","POS","POS","POS","POS","POS","POS","POS","POS","POS","POS","POS","POS","POS","POS",null]]},"lambda_best":9.549530989993239E-4,"lambda_1se":-1.0},"compatible_frames":null}
